,frame_id,timer_sec,type,node_id,robot,x,y,z,length,width,height,heading_ang,heading_rad
0,14,1608793388.314973,VEHICLE,32,False,2040.819249289772,41617.06489906634,-4.200927858338479,4.312783716090739,2.0122606879572666,0.0,0,0
1,15,1608793388.817278,VEHICLE,32,False,2042.4571870305888,41619.61740008412,-4.313398050694806,4.445146855427677,2.062254562652727,0.0,57.311745014979536,1.0002786505748398
2,16,1608793389.318896,VEHICLE,32,False,2044.5810896351413,41621.816188259014,-4.418464465092162,4.391605597172272,2.0102557288635134,0.0,45.99248319986857,0.8027202630058838
3,17,1608793389.86658,VEHICLE,32,False,2046.5744532599058,41624.18914632162,-4.270105367525714,4.182488110422354,1.957610770533115,0.0,49.968624476912886,0.8721170198147592
4,18,1608793390.414988,VEHICLE,32,False,2048.8316590365243,41626.89335737058,-4.203295965786118,4.267270894949694,2.0423164098102706,0.0,50.1482374585861,0.875251857724281
5,19,1608793390.918124,VEHICLE,32,False,2050.6411351277116,41628.96820604001,-4.210380715254658,4.389205480080547,2.0677243890720245,0.0,48.908308355039445,0.8536110123760902
6,20,1608793391.514958,VEHICLE,32,False,2052.8664092081835,41631.82476375151,-4.307310177814502,4.368886341390634,2.0873695819883444,0.0,52.08121422781266,0.908988666711847
7,21,1608793392.01657,VEHICLE,32,False,2054.399668826089,41633.78318334811,-4.307561907002583,4.4180989266583115,2.0989051301123847,0.0,51.94237380536248,0.9065654442052316
8,22,1608793392.518297,VEHICLE,32,False,2056.332199676327,41635.78287320542,-4.316173712955593,4.586317429543917,2.137292476473455,0.0,45.978468369239664,0.8024756580673
9,23,1608793393.115012,VEHICLE,32,False,2058.485833805288,41638.3683593816,-4.280334766440939,4.774504803503102,2.22689680929775,0.0,50.20669446514216,0.8762721249595441
10,24,1608793393.615088,VEHICLE,32,False,2060.1778054449087,41640.288486885656,-4.314353968308262,4.872359287481398,2.1949920696902403,0.0,48.6142486659641,0.8484787026043346
11,25,1608793394.11781,VEHICLE,32,False,2061.897656503766,41642.41361634314,-4.16861517059472,4.756979185265503,2.1475153007610737,0.0,51.01701760470123,0.8904149317499475
12,26,1608793394.618301,VEHICLE,32,False,2063.470124405607,41644.35407692423,-4.028900957188284,4.546557214011017,2.0515800237188206,0.0,50.980141350959,0.8897713197063446
13,27,1608793395.119314,VEHICLE,32,False,2065.40704677071,41646.414619720825,-4.182874606872399,4.482005510597578,2.0546169047409855,0.0,46.77129058147855,0.8163130160538139
14,28,1608793395.716076,VEHICLE,32,False,2067.1529961323104,41648.21102310404,-4.249166421838856,4.654462895134286,2.0867456552277215,0.0,45.81601332473225,0.7996402826541718
15,29,1608793396.218307,VEHICLE,32,False,2068.747770036767,41649.6229399242,-4.267606713420488,4.713842708620919,2.0992789843035338,0.0,41.51974486079371,0.7246562524088449
16,29,1608793396.218307,VEHICLE,33,False,2038.3657115284411,41612.87806572663,-4.57999732150007,4.312840257104737,1.9787626655928043,0.0,0,0
17,30,1608793396.815505,VEHICLE,34,False,2041.1262101841337,41615.95061821219,-4.398557710415838,4.267885500761058,1.966671842240823,0.0,0,0
18,31,1608793397.317698,VEHICLE,34,False,2043.4492159851357,41618.89743205533,-4.1229826006970525,4.233926777510146,1.9411907198443765,0.0,51.750898355872884,0.903223567174902
19,32,1608793397.91609,VEHICLE,34,False,2046.035942763837,41622.02189696383,-4.131889612742173,4.251624253524766,2.03407997589995,0.0,50.378835510961416,0.8792765529869165
20,32,1608793397.91609,VEHICLE,35,False,2086.4545576480987,41671.2678433902,-4.0871862202953615,4.389092300067071,1.9629253827155737,0.0,0,0
21,33,1608793398.418433,VEHICLE,34,False,2048.0345431603273,41624.654633638434,-4.10742033948369,4.301110261096718,2.11700387627924,0.0,52.79662426523827,0.9214749273667399
22,33,1608793398.418433,VEHICLE,36,False,2085.7717890283175,41670.413602691064,-4.030996620729514,4.367777958543633,1.9744755158174243,0.0,0,0
23,34,1608793399.016898,VEHICLE,34,False,2050.464260623103,41627.58387383455,-4.101878865972594,4.545871729304569,2.121002586253626,0.0,50.32530481389337,0.8783422660721915
24,34,1608793399.016898,VEHICLE,38,False,2084.7605533687774,41668.84398805303,-4.129347848231234,4.24764630510552,1.9653841203880882,0.0,0,0
25,35,1608793399.516998,VEHICLE,34,False,2052.8428843651513,41630.35085090014,-4.193573428547682,4.3596430312372005,2.0991573330094297,0.0,49.31609497813398,0.8607282315946789
26,36,1608793400.116355,VEHICLE,34,False,2055.0869760693813,41633.371161276664,-4.097422192574525,4.2993694049967415,2.0832101093764437,0.0,53.387637703896054,0.9317900577948517
27,36,1608793400.116355,VEHICLE,41,False,2082.86443490828,41666.87854429628,-3.962294849383683,4.330985739967556,1.9640031129409201,0.0,0,0
28,37,1608793400.717771,VEHICLE,34,False,2057.4713501375004,41636.0908964451,-4.200251788247372,4.526701876198566,2.1930523854502435,0.0,48.75916656428275,0.8510079970750654
29,37,1608793400.717771,VEHICLE,41,False,2081.9358691427256,41665.81351770565,-4.055162711040966,4.325242394278186,1.964085505240555,0.0,-131.0842283048675,-2.287851381355883
30,38,1608793401.316155,VEHICLE,34,False,2059.361058722123,41638.48528463668,-4.011611864810578,5.114541577809986,2.3139427417986207,0.0,51.718651480137076,0.9026607530198307
31,38,1608793401.316155,VEHICLE,41,False,2081.263995183084,41664.94215831671,-3.967090186632085,4.359040108988854,1.9815610942114084,0.0,-127.63452726995187,-2.2276427400871497
32,39,1608793401.915619,VEHICLE,34,False,2061.513940878934,41641.215792872936,-3.9746356997956496,4.849742120452157,2.125984834665771,0.0,51.745819907317575,0.9031349315267188
33,39,1608793401.915619,VEHICLE,41,False,2080.6685445080193,41664.30191532832,-4.059972365629198,4.2495428644414135,1.9552399900649455,0.0,-132.92401028839555,-2.3199616344873197
34,40,1608793402.515328,VEHICLE,34,False,2063.642743782882,41643.98971689595,-3.8552535161802473,4.664730335613833,2.1132290480173257,0.0,52.49615023838066,0.9162306662813485
35,40,1608793402.515328,VEHICLE,41,False,2080.2217576757153,41663.726278221824,-4.0999829924870586,4.251914340659937,1.9676064254989456,0.0,-127.81720506395308,-2.230831069062751
36,41,1608793403.018511,VEHICLE,34,False,2065.149807450146,41645.78536491038,-3.9427554491637187,4.788928751269764,2.118260268265849,0.0,49.99370765076567,0.8725548037853403
37,41,1608793403.018511,VEHICLE,41,False,2080.1165345447184,41663.32640063436,-3.967911026906879,4.302312107340229,1.952340793725082,0.0,-104.74251585397265,-1.828101768474183
38,42,1608793403.519279,VEHICLE,34,False,2067.0685256741363,41647.90813132779,-4.107356550046331,4.637007670756424,2.127290677096468,0.0,47.890319436698604,0.8358437540022268
39,42,1608793403.519279,VEHICLE,41,False,2079.8306491885323,41662.99059491349,-4.1327835599713625,4.365555534140615,1.9482806954996357,0.0,-130.4091305591426,-2.2760687029201923
40,43,1608793404.116133,VEHICLE,34,False,2069.084568982276,41649.78754069423,-4.031230760930767,4.495033971200128,2.076245436307121,0.0,42.991160257069744,0.7503372957383988
41,46,1608793405.719321,VEHICLE,43,False,2078.6768139494916,41662.08631039985,-3.7971045618551678,4.254772392824761,1.9562095789215166,0.0,0,0
42,47,1608793406.318611,VEHICLE,43,False,2078.3786525617793,41661.473227411145,-3.9150552081841132,4.232299083480031,1.9491157898895208,0.0,-115.935100674391,-2.0234492253992213
43,48,1608793406.917864,VEHICLE,43,False,2077.8388504481372,41660.76160125179,-4.053401983791251,4.385095983656942,1.9856977168889718,0.0,-127.18203803221058,-2.219745313058725
44,49,1608793407.418507,VEHICLE,43,False,2077.484544367539,41659.95368155234,-4.00565042752914,4.468720631280384,2.074273496414942,0.0,-113.6794311713658,-1.9840803657346076
45,50,1608793408.019513,VEHICLE,43,False,2076.5494483095563,41658.649818964324,-4.15242632057444,4.47108402761259,2.0265136289679275,0.0,-125.64709871505755,-2.192955568156091
46,51,1608793408.61785,VEHICLE,44,False,2075.836330264749,41657.41081404761,-3.9886728275926506,4.440966472520847,1.9946084579366825,0.0,0,0
47,52,1608793409.119961,VEHICLE,46,False,2074.7261932032375,41656.24255348112,-3.9853255984925893,4.127461565927738,1.9766259268240736,0.0,0,0
48,56,1608793411.465484,VEHICLE,50,False,2069.7761916505756,41651.13360900211,-4.195759100381684,4.479786662164681,2.108082861947874,0.0,0,0
49,59,1608793413.116516,VEHICLE,51,False,2065.4099035152826,41647.326513018015,-3.960828435765416,4.703751644041627,2.0937646052698846,0.0,0,0
50,60,1608793413.716389,VEHICLE,51,False,2063.8323916868662,41645.85311837166,-4.031121417920179,4.557759154697236,2.054733165666122,0.0,-136.95455380925102,-2.3903078895711727
51,61,1608793414.316449,VEHICLE,51,False,2062.507932481396,41644.46992413803,-4.005258624320218,4.479677689997104,2.077480716917556,0.0,-133.7573219385281,-2.3345056664773596
52,62,1608793414.819255,VEHICLE,52,False,2061.4433546322766,41643.27275009338,-3.9844348183546994,4.673597658058464,2.0976382809707332,0.0,0,0
53,63,1608793415.418787,VEHICLE,52,False,2059.9539134965567,41641.74159992281,-4.014455882649245,4.674624207858451,2.0730080044434795,0.0,-134.20889668374463,-2.342387132600243
54,64,1608793416.016497,VEHICLE,52,False,2058.5914570545,41640.35868919994,-4.138971109175923,4.608937485666628,2.151207659392606,0.0,-134.57312730522284,-2.3487441561816227
55,65,1608793416.519583,VEHICLE,52,False,2057.4390943107805,41639.147525082146,-4.221249137823107,4.4143818643086155,2.1333991364622715,0.0,-133.57485193672147,-2.331320964159714
56,67,1608793417.717258,VEHICLE,53,False,2054.642756892391,41636.253830522524,-4.235019813891282,4.2884294522214494,2.0351467157285086,0.0,0,0
57,68,1608793418.218135,VEHICLE,54,False,2053.6692820727335,41635.16444034789,-4.185466550963354,4.0479513048333065,1.9956548117403776,0.0,0,0
58,70,1608793419.31657,VEHICLE,56,False,2040.2390376134522,41614.40442417491,-4.428665399295907,4.311951144476578,1.95061929080026,0.0,0,0
59,70,1608793419.31657,VEHICLE,57,False,2051.001166029993,41632.90108911044,-4.145952410563213,4.102494629657906,1.9814974499062734,0.0,0,0
60,71,1608793419.819,VEHICLE,56,False,2042.536700430372,41617.10158340444,-4.317933010447126,4.355979247511794,1.9918688694680824,0.0,49.57290282673866,0.8652103740977938
61,72,1608793420.419032,VEHICLE,56,False,2045.1371642489337,41619.99123691085,-4.297438230684148,4.176826978602283,1.9749819222595357,0.0,48.01524513342432,0.8380241187304385
62,73,1608793421.01668,VEHICLE,56,False,2047.187190326308,41622.31948491815,-4.228244133558548,4.325593465855339,1.9963592332525657,0.0,48.63603028387498,0.8488588635532908
63,74,1608793421.518997,VEHICLE,56,False,2048.46927216817,41623.97863370668,-4.360168150785498,4.359970062055356,2.0171714829261593,0.0,52.30549307211077,0.9129030709874167
64,75,1608793422.116687,VEHICLE,56,False,2049.993332448012,41625.63068985422,-4.343955779678668,4.32092068924811,2.106072777326766,0.0,47.30774185759579,0.825675857098585
65,76,1608793422.617598,VEHICLE,56,False,2050.945160657453,41626.74112502493,-4.282642332234202,4.358787810984818,2.0351011132515806,0.0,49.39791313330706,0.8621562277903567
66,77,1608793423.118604,VEHICLE,56,False,2051.784008104095,41627.858144790785,-4.317309317406378,4.235594835678858,2.022083679643731,0.0,53.09457878079069,0.9266752146843141
67,78,1608793423.619928,VEHICLE,56,False,2052.617082285687,41628.85683847282,-4.294016757033317,4.316498734242425,2.0799234137994063,0.0,50.166356864898695,0.8755681010229424
68,79,1608793424.215971,VEHICLE,56,False,2053.530177425817,41630.19602563731,-4.309627137838818,4.4128610259362215,2.031500013359379,0.0,55.712743849653336,0.9723708154966714
69,79,1608793424.215971,VEHICLE,60,False,2053.5325149006085,41630.19231838052,-4.3049466694334235,4.4128610259362215,2.0314999585049613,0.0,0,0
70,80,1608793424.815881,VEHICLE,56,False,2054.4784436428413,41631.73281675128,-4.319862740292441,4.314043852975776,2.0699161027788575,0.0,58.32362933318553,1.0179393635768323
71,80,1608793424.815881,VEHICLE,62,False,2054.5094574126965,41631.76658480239,-4.319214930263231,4.31342282386131,2.0699901979548017,0.0,0,0
72,81,1608793425.318214,VEHICLE,62,False,2055.340736492892,41632.92295486079,-4.257311917056255,4.44421145588127,2.0617603522862904,0.0,54.28879705062298,0.9475182554803577
73,81,1608793425.318214,VEHICLE,66,False,2055.4387476899083,41632.917309398435,-4.272169424126265,4.45621068151383,2.042766459291431,0.0,0,0
74,81,1608793425.318214,VEHICLE,67,False,2055.4387476899083,41632.917309398435,-4.272169424126265,4.45621068151383,2.042766459291431,0.0,0,0
75,82,1608793425.865954,VEHICLE,66,False,2056.696472966654,41635.02740042287,-4.3320992746666755,4.592312764733178,2.144844790791138,0.0,59.20283340781595,1.0332843694760832
76,82,1608793425.865954,VEHICLE,71,False,2068.9000810735947,41653.23509529274,-3.394353921254897,0.6101288197604712,0.6089247780197021,0.0,0,0
77,82,1608793425.865954,VEHICLE,72,False,2056.702793886735,41635.061970382005,-4.343921603665848,4.592570984379837,2.1448446199559483,0.0,0,0
78,83,1608793426.417628,VEHICLE,66,False,2057.842089443117,41636.726072647616,-4.289398191238259,4.660020340464113,2.1970113324288376,0.0,56.003533319327815,0.9774460491726192
79,84,1608793427.018212,VEHICLE,66,False,2059.281973749473,41638.99620687004,-4.2969695015499045,4.90023771031373,2.2254575855604712,0.0,57.61415660649734,1.0055567285430216
80,84,1608793427.018212,VEHICLE,78,False,2059.314278583293,41639.025851346254,-4.298787691290194,4.901865056781679,2.226407726406175,0.0,0,0
81,85,1608793427.56612,VEHICLE,81,False,2060.5475043139645,41640.74781470319,-4.279178036807707,4.795129883558811,2.1184556245378454,0.0,0,0
82,86,1608793428.116106,VEHICLE,82,False,2062.3655838789277,41643.19192758441,-4.07963530046729,4.615105403313045,2.0910899146647046,0.0,0,0
83,86,1608793428.116106,VEHICLE,83,False,2062.139124332384,41642.983228755926,-4.060743703308409,4.563221466345963,2.1044257903836736,0.0,0,0
84,87,1608793428.717545,VEHICLE,82,False,2064.2521672769167,41645.72197237905,-4.133431946120346,4.899136058244169,2.1006775635321326,0.0,53.289139445748894,0.9300709388827044
85,88,1608793429.219284,VEHICLE,82,False,2066.0035274691636,41647.597747970685,-4.295175270861899,4.729875153248155,2.093861515577925,0.0,46.96454832464036,0.819685999976961
86,88,1608793429.219284,VEHICLE,87,False,2066.1970122090147,41647.894180504765,-4.190873825543031,4.674402540127752,2.0702688611639783,0.0,0,0
87,89,1608793429.77003,VEHICLE,82,False,2068.7139290264827,41650.29711720999,-4.253362853739707,4.424962125813617,2.0025537356524192,0.0,44.883155052632745,0.7833588343515702
88,95,1608793433.118351,VEHICLE,98,False,2083.3616607105796,41663.22508956894,-3.669787334127433,1.1204200208721908,0.5792218565010757,0.0,0,0
89,95,1608793433.118351,VEHICLE,99,False,2083.3616607105796,41663.22508956894,-3.669787334127433,1.1204200208721908,0.5792218565010757,0.0,0,0
90,96,1608793433.717698,VEHICLE,101,False,2085.3033553808386,41665.7769566281,-3.749378759258259,1.053672846973662,0.6210463307421964,0.0,0,0
91,106,1608793439.167106,VEHICLE,103,False,2067.5463821759186,41650.30237402224,-3.972741960296346,4.621217189447284,2.027836482035377,0.0,0,0
92,108,1608793440.367039,VEHICLE,104,False,2065.745474917144,41648.87622288051,-4.071029163274003,4.681799927941349,2.0274737984385833,0.0,0,0
93,109,1608793440.91927,VEHICLE,104,False,2064.8639071247567,41648.358871522185,-4.014187054069385,4.8344340773283685,2.0510457257609347,0.0,-149.59329879666944,-2.6108956029215533
94,118,1608793445.916304,VEHICLE,108,False,2052.309967921142,41628.15332682519,-4.35946041185736,4.413692571018929,2.0858883500081813,0.0,0,0
95,119,1608793446.468003,VEHICLE,108,False,2054.051375501249,41630.887735486715,-4.413436842108281,4.355677242662103,2.0767152427096587,0.0,57.50898621416674,1.0037211589212385
96,120,1608793447.116395,VEHICLE,108,False,2056.1776194027093,41633.955715537435,-4.3168169663769245,4.422839563989521,2.121971147375329,0.0,55.27635362125205,0.9647543691875389
97,121,1608793447.666755,VEHICLE,108,False,2058.147567137194,41636.50901835917,-4.358216595387029,4.520655677432988,2.16402925765402,0.0,52.34876425707529,0.9136582956362871
98,122,1608793448.218658,VEHICLE,108,False,2060.008273807711,41639.0701528793,-4.361261659453779,4.568429373682413,2.178674316778961,0.0,54.00097339880899,0.9424947850910897
99,123,1608793448.816425,VEHICLE,108,False,2062.151051041097,41641.75676896062,-4.219099421299704,4.636479678267896,2.114736305033537,0.0,51.42502057488878,0.8975359269376364
100,124,1608793449.317145,VEHICLE,108,False,2064.1995265311084,41644.214865296715,-4.285964511751516,4.512803608218294,1.9945280162950703,0.0,50.19357773546537,0.87604319483959
101,125,1608793449.818712,VEHICLE,119,False,2066.2385297220817,41646.48342693519,-4.305357118475658,4.641308945582875,2.0976826518496905,0.0,0,0
102,126,1608793450.418752,VEHICLE,120,False,2069.0951025634677,41649.63095583076,-4.274523143620342,4.494829358717203,2.005944236447486,0.0,0,0
103,131,1608793453.117301,VEHICLE,129,False,2083.5503017535193,41664.606166526704,-4.188134042980565,4.292184550426416,1.9415871846984518,0.0,0,0
104,132,1608793453.718257,VEHICLE,129,False,2086.6875143556094,41667.68131257108,-3.959005928727021,4.275647618612352,1.9167967120245115,0.0,44.42758721858332,0.7754076756812286
105,132,1608793453.718257,VEHICLE,130,False,2086.505481433367,41666.78266834033,-3.522655878552867,1.1500527431287093,0.66215243615579,0.0,0,0
106,133,1608793454.220418,VEHICLE,129,False,2089.2900641048773,41670.43660650651,-3.928099204692859,4.34257492584732,1.9512659512850241,0.0,46.632975497399656,0.8138989624314644
107,143,1608793460.06819,VEHICLE,135,False,2059.1256892029965,41640.61258380023,-4.216692182851663,4.818365533396442,2.075078002209262,0.0,0,0
108,144,1608793460.666886,VEHICLE,135,False,2058.171479233932,41639.31946114501,-4.09469726215074,4.689841145113509,2.0951104003278025,0.0,-126.42403957845036,-2.206515744315583
109,145,1608793461.168127,VEHICLE,135,False,2057.36923859696,41638.36442130531,-4.063771908323391,4.5013290413909965,2.0716792425834187,0.0,-130.03051152704055,-2.269460554199297
110,146,1608793461.668488,VEHICLE,135,False,2056.5683131342057,41637.42068210387,-4.144070885694687,4.52018279080583,2.0801136633266686,0.0,-130.32034922522655,-2.2745191763290444
111,146,1608793461.668488,VEHICLE,141,False,2056.5019968791985,41637.36892256041,-4.143543837048281,4.520181841553088,2.080114183597791,0.0,0,0
112,147,1608793462.266671,VEHICLE,143,False,2055.4294715951246,41636.068331838105,-4.128946506538108,4.651817282877566,2.114163553752856,0.0,0,0
113,148,1608793462.76672,VEHICLE,143,False,2054.718825098715,41635.27842355026,-4.099561728188103,4.51745145832101,2.0858511212192026,0.0,-131.97635196894515,-2.303421876628994
114,148,1608793462.76672,VEHICLE,144,False,2054.655887878156,41635.219583479884,-4.090216713272455,4.505340073094217,2.0823961188133953,0.0,0,0
115,148,1608793462.76672,VEHICLE,148,False,2054.6571791191677,41635.21754249603,-4.090284273809363,4.502895945758202,2.0818391260722686,0.0,0,0
116,148,1608793462.76672,VEHICLE,149,False,2054.6571791191677,41635.21754249603,-4.090284273809363,4.502895945758202,2.0818391260722686,0.0,0,0
117,148,1608793462.76672,VEHICLE,150,False,2054.6571791191677,41635.21754249603,-4.090284273809363,4.502895945758202,2.0818391260722686,0.0,0,0
118,149,1608793463.266825,VEHICLE,144,False,2053.7876720828444,41634.27594933219,-4.089654888465415,4.534462032903454,2.1014032173198913,0.0,-132.61643605069406,-2.314593451345117
119,150,1608793463.769036,VEHICLE,144,False,2052.9081335898227,41633.231008290866,-4.096033970017633,4.6190564755714085,2.1128192721870547,0.0,-130.08769202582795,-2.27045854217107
120,151,1608793464.369704,VEHICLE,144,False,2051.8960370306277,41632.07639608398,-4.102062540543739,4.487880498964524,2.0865024065503244,0.0,-131.23678087459095,-2.2905139259799356
121,152,1608793464.916824,VEHICLE,160,False,2051.0554419057567,41631.062960356736,-4.1881431903725925,4.622072513060353,2.0950073364286497,0.0,0,0
122,152,1608793464.916824,VEHICLE,161,False,2050.9269639612417,41630.8928785544,-4.200863419878631,4.62410884471696,2.098407055181936,0.0,0,0
123,152,1608793464.916824,VEHICLE,162,False,2050.9269639612417,41630.8928785544,-4.200863419878631,4.62410884471696,2.098407055181936,0.0,0,0
124,152,1608793464.916824,VEHICLE,163,False,2050.9269639612417,41630.8928785544,-4.200863419878631,4.62410884471696,2.098407055181936,0.0,0,0
125,152,1608793464.916824,VEHICLE,164,False,2050.845506814042,41630.78639914248,-4.209752205257909,4.62410884471696,2.098407055181936,0.0,0,0
126,153,1608793465.468496,VEHICLE,165,False,2049.9196419112686,41629.71331486849,-4.177616051014188,4.523694410829036,2.0991295138472776,0.0,0,0
127,154,1608793466.119025,VEHICLE,170,False,2048.753511066524,41628.43237079955,-4.248686859803387,4.646788177881268,2.0876225154891204,0.0,0,0
128,155,1608793466.668249,VEHICLE,181,False,2047.700925338492,41627.24819019815,-4.265871469079226,4.6366327005985095,2.1326152917955588,0.0,0,0
129,155,1608793466.668249,VEHICLE,183,False,2047.6251202906972,41627.14753745738,-4.2583474599879265,4.636632234890209,2.127616061241283,0.0,0,0
130,155,1608793466.668249,VEHICLE,184,False,2047.6237743443096,41627.15144028564,-4.258197780162424,4.636476310806556,2.1326159965264786,0.0,0,0
131,156,1608793467.169,VEHICLE,181,False,2046.8142559111238,41626.15884009686,-4.243904234407993,4.621329983814966,2.1170483336336976,0.0,-129.1436419663749,-2.253981760329966
132,157,1608793467.670135,VEHICLE,181,False,2045.9029774808744,41625.085930441914,-4.268728053732444,4.622667836036357,2.0784417843568344,0.0,-130.34298970650244,-2.274914327271545
133,158,1608793468.266809,VEHICLE,181,False,2044.7745098452324,41623.742827559596,-4.217371449779036,4.569730509736655,2.0841038009698782,0.0,-130.03679195870947,-2.2695701684103664
134,159,1608793468.816814,VEHICLE,181,False,2043.9276910438298,41622.772406180855,-4.256529587805107,4.675789866872143,2.1399997843926024,0.0,-131.10892638852127,-2.2882824442345746
135,159,1608793468.816814,VEHICLE,196,False,2043.8906887899568,41622.7282028114,-4.272741868088419,4.7682107892542005,2.132636877193299,0.0,0,0
136,159,1608793468.816814,VEHICLE,197,False,2043.8425825403783,41622.64294351724,-4.26457929966557,4.675379176306275,2.14023640759689,0.0,0,0
137,159,1608793468.816814,VEHICLE,198,False,2043.8425825403783,41622.64294351724,-4.26457929966557,4.675379176306275,2.14023640759689,0.0,0,0
138,159,1608793468.816814,VEHICLE,199,False,2043.8425825403783,41622.64294351724,-4.26457929966557,4.675379176306275,2.14023640759689,0.0,0,0
139,160,1608793469.369912,VEHICLE,181,False,2042.927294711962,41621.60597910746,-4.177403008319002,4.642871578649946,2.1343026827511453,0.0,-130.61832837375374,-2.2797198935731333
140,160,1608793469.369912,VEHICLE,197,False,2042.9215545683442,41621.59817048488,-4.177517298826546,4.6428720553757685,2.134115239469491,0.0,-131.39804490897433,-2.293328514344975
141,160,1608793469.369912,VEHICLE,201,False,2042.8608829685136,41621.52022496087,-4.173150919908393,4.6428720450721475,2.1341150010977663,0.0,0,0
142,161,1608793469.920696,VEHICLE,202,False,2042.12290983605,41620.592369053724,-4.222542367616409,4.520052098558526,2.0706796440679494,0.0,0,0
143,161,1608793469.920696,VEHICLE,204,False,2042.12290983605,41620.592369053724,-4.222542367616409,4.520052098558526,2.0706796440679494,0.0,0,0
144,161,1608793469.920696,VEHICLE,205,False,2042.0155236244868,41620.44614279722,-4.27035566174547,4.611891871138991,2.113120019859332,0.0,0,0
145,162,1608793470.469965,VEHICLE,202,False,2041.2251434834764,41619.511870662165,-4.2870920296871615,4.595980597609476,2.085976418456477,0.0,-129.72257216640892,-2.264085998459789
146,162,1608793470.469965,VEHICLE,212,False,2041.1642142771111,41619.430114961164,-4.291393535006382,4.599570709013376,2.0839999742190387,0.0,0,0
147,162,1608793470.469965,VEHICLE,213,False,2041.1642142771111,41619.430114961164,-4.291393535006382,4.599570709013376,2.0839999742190387,0.0,0,0
148,162,1608793470.469965,VEHICLE,214,False,2041.068204133009,41619.31042829566,-4.187679847292457,4.532972141984956,2.079907071054179,0.0,0,0
149,163,1608793471.0669,VEHICLE,202,False,2040.250124415246,41618.381246450976,-4.241616552512451,4.646233593638376,2.1007307852445947,0.0,-130.7735759055568,-2.2824294741586915
150,164,1608793471.569338,VEHICLE,202,False,2039.5254003758876,41617.53481705562,-4.247318617654274,4.632591290195189,2.092562940344276,0.0,-130.5705752924742,-2.2788864450768327
151,164,1608793471.569338,VEHICLE,224,False,2018.5617672096214,41594.331430686056,-4.67124851463082,4.196671747812397,1.9936346239032294,0.0,0,0
152,165,1608793472.072474,VEHICLE,202,False,2038.7926434170308,41616.692908354875,-4.288609205575494,4.585133968395325,2.0744099985555358,0.0,-131.0347478456411,-2.2869877844269837
153,165,1608793472.072474,VEHICLE,226,False,2018.6517984724767,41594.445799700174,-4.3516350916776565,4.217002375431862,2.0266777022978952,0.0,0,0
154,166,1608793472.667874,VEHICLE,202,False,2037.8114913458655,41615.55665646294,-4.293279970973679,4.552948778328189,2.092512678297354,0.0,-130.81056687471076,-2.2830750883639315
155,166,1608793472.667874,VEHICLE,226,False,2018.529056494572,41593.948273393304,-4.354679635891996,4.204612524630597,2.0220031458938172,0.0,-103.85839475248412,-1.812670944266849
156,166,1608793472.667874,VEHICLE,227,False,2018.7415418652256,41594.104218796776,-4.430335825358128,4.181903543726467,2.0175888155397215,0.0,0,0
157,166,1608793472.667874,VEHICLE,228,False,2037.7500497252488,41615.42610089876,-4.270754129541672,4.62398773100902,2.076281232850427,0.0,0,0
158,166,1608793472.667874,VEHICLE,229,False,2037.7593866841457,41615.46441251187,-4.276585557580588,4.614014852569256,2.0790278891573295,0.0,0,0
159,166,1608793472.667874,VEHICLE,230,False,2018.5004232442616,41594.161033575976,-4.366236094572329,4.174355683543888,1.9929350730271886,0.0,0,0
160,166,1608793472.667874,VEHICLE,231,False,2037.7593866841457,41615.46441251187,-4.276585557580588,4.614014852569256,2.0790278891573295,0.0,0,0
161,166,1608793472.667874,VEHICLE,232,False,2018.5004232442616,41594.161033575976,-4.366236094572329,4.174355683543888,1.9929350730271886,0.0,0,0
162,166,1608793472.667874,VEHICLE,233,False,2018.6578656340002,41594.01870016581,-4.4393534152292435,4.181903543726467,2.0175888155397215,0.0,0,0
163,166,1608793472.667874,VEHICLE,234,False,2037.6675485016233,41615.339564073685,-4.283747349459244,4.62398773100902,2.076281232850427,0.0,0,0
164,166,1608793472.667874,VEHICLE,235,False,2018.6578656340002,41594.01870016581,-4.4393534152292435,4.181903543726467,2.0175888155397215,0.0,0,0
165,166,1608793472.667874,VEHICLE,236,False,2037.6675485016233,41615.339564073685,-4.283747349459244,4.62398773100902,2.076281232850427,0.0,0,0
166,166,1608793472.667874,VEHICLE,237,False,2018.6578656340002,41594.01870016581,-4.4393534152292435,4.181903543726467,2.0175888155397215,0.0,0,0
167,166,1608793472.667874,VEHICLE,238,False,2037.597447414299,41615.256017130516,-4.291938180698612,4.62398773100902,2.076281232850427,0.0,0,0
168,167,1608793473.168041,VEHICLE,202,False,2037.2206037370977,41614.817315223736,-4.30943370096967,4.646480210670277,2.114484507108561,0.0,-128.63213620026045,-2.245054300568333
169,167,1608793473.168041,VEHICLE,230,False,2018.6200850791201,41594.188957879225,-4.292352437862593,4.296614144851208,2.058235776953603,0.0,13.135479226756479,0.2292573613342194
170,167,1608793473.168041,VEHICLE,239,False,2018.6415863341401,41594.11084445358,-4.294867404910839,4.296614113736902,2.05823673008545,0.0,0,0
171,167,1608793473.168041,VEHICLE,240,False,2037.231476883059,41614.82902414664,-4.309478764856662,4.640374298723585,2.1144847452956834,0.0,0,0
172,167,1608793473.168041,VEHICLE,241,False,2018.5826505039606,41593.90772830607,-4.320682597475224,4.148193470188846,2.0393636836807563,0.0,0,0
173,167,1608793473.168041,VEHICLE,242,False,2037.2161617646082,41614.79852627112,-4.298064235598559,4.532827345946116,2.076336362443566,0.0,0,0
174,167,1608793473.168041,VEHICLE,244,False,2037.0761317360193,41614.6536689247,-4.297360390967816,4.642856905695979,2.1134898891591,0.0,0,0
175,167,1608793473.168041,VEHICLE,245,False,2018.4995242646671,41593.93284622359,-4.272663464569162,4.296660816822871,2.0562099270081604,0.0,0,0
176,168,1608793473.668717,VEHICLE,202,False,2036.6200314994921,41614.14481073311,-4.30855342713191,4.611232375974029,2.0636421266971388,0.0,-131.76607320303114,-2.299751819816764
177,168,1608793473.668717,VEHICLE,248,False,2036.5449020329338,41614.05141944718,-4.311908699058593,4.611232375974029,2.0636421266971388,0.0,0,0
178,168,1608793473.668717,VEHICLE,251,False,2018.7548570456313,41594.11922177736,-4.373000414199094,4.095901839315539,1.9861420004067512,0.0,0,0
179,168,1608793473.668717,VEHICLE,252,False,2018.755100244742,41594.11922170329,-4.373007582067667,4.095901839315539,1.986143907588853,0.0,0,0
180,169,1608793474.267009,VEHICLE,202,False,2035.765551138411,41613.20167770325,-4.31766236470785,4.59479955731692,2.078620705622441,0.0,-132.17663886563233,-2.3069175424247867
181,169,1608793474.267009,VEHICLE,262,False,2018.64411169282,41594.20476891664,-4.385095884932509,4.152744243284623,2.0102299558579007,0.0,0,0
182,170,1608793474.770978,VEHICLE,202,False,2035.0889820784514,41612.42810694025,-4.321121400139056,4.619335440042547,2.1034427928381865,0.0,-131.1731131371318,-2.289402714333978
183,170,1608793474.770978,VEHICLE,262,False,2018.6166344863982,41594.06504214932,-4.3671759951537865,4.149310493508062,2.0489977385931333,0.0,-101.12523099413268,-1.7649682376874338
184,171,1608793475.319399,VEHICLE,202,False,2034.461248267279,41611.69944401716,-4.3500935592196015,4.467781804441783,2.070640446054364,0.0,-130.74447907428197,-2.281921638651048
185,171,1608793475.319399,VEHICLE,262,False,2018.741364713974,41594.221584173276,-4.431127879615961,4.15819046750817,1.9986410430668837,0.0,51.45271311816114,0.8980192529959902
186,171,1608793475.319399,VEHICLE,263,False,2034.4009674114543,41611.6384362541,-4.343077911068588,4.467780850978316,2.070640457281228,0.0,0,0
187,171,1608793475.319399,VEHICLE,264,False,2018.7456344617538,41594.22158407036,-4.431238368730509,4.15819046750817,1.9986409951985744,0.0,0,0
188,171,1608793475.319399,VEHICLE,265,False,2018.7345642697937,41594.21716310054,-4.431058848529848,4.154974241586004,1.999979306942748,0.0,0,0
189,171,1608793475.319399,VEHICLE,266,False,2034.3104882252853,41611.53726351032,-4.334452509822169,4.470838080358455,2.0740282933752967,0.0,0,0
190,171,1608793475.319399,VEHICLE,267,False,2018.6445040963922,41594.14220581775,-4.425654219062269,4.154974241586004,1.999979306942748,0.0,0,0
191,171,1608793475.319399,VEHICLE,268,False,2034.3104882252853,41611.53726351032,-4.334452509822169,4.470838080358455,2.0740282933752967,0.0,0,0
192,172,1608793475.86787,VEHICLE,202,False,2033.4685063710951,41610.58355117285,-4.345646700742205,4.596683509828782,2.0959299745174875,0.0,-131.65754183352556,-2.297857590077193
193,172,1608793475.86787,VEHICLE,264,False,2018.8121672743857,41594.19300662695,-4.502894733567261,4.0828894537145795,2.031002725639262,0.0,-23.2446864930101,-0.40569631289688013
194,172,1608793475.86787,VEHICLE,271,False,2033.4071605155377,41610.52450864344,-4.338115920034292,4.669522766936799,2.0870623010752163,0.0,0,0
195,172,1608793475.86787,VEHICLE,272,False,2018.857565792857,41594.08046783435,-4.53292173634771,4.244157768069019,2.0686584107120227,0.0,0,0
196,172,1608793475.86787,VEHICLE,273,False,2033.4071605155377,41610.52450864344,-4.338115920034292,4.669522766936799,2.0870623010752163,0.0,0,0
197,172,1608793475.86787,VEHICLE,274,False,2018.857565792857,41594.08046783435,-4.53292173634771,4.244157768069019,2.0686584107120227,0.0,0,0
198,172,1608793475.86787,VEHICLE,275,False,2018.7487165676487,41594.1326455768,-4.510210936251997,4.080076815154217,2.0301515602044025,0.0,0,0
199,172,1608793475.86787,VEHICLE,276,False,2033.3314621586503,41610.427043278556,-4.337868475194222,4.599760454666468,2.0968961201107805,0.0,0,0
200,173,1608793476.367904,VEHICLE,202,False,2032.8006734508579,41609.82127905765,-4.346763954716751,4.643495759166586,2.102419674539777,0.0,-131.22187024972627,-2.290253686482517
201,173,1608793476.367904,VEHICLE,264,False,2018.7977384780381,41594.39948960448,-4.378183796454112,4.015116070904282,2.006530243819364,0.0,93.99726626604564,1.6405617842162927
202,173,1608793476.367904,VEHICLE,272,False,2018.7954187882929,41594.399490575204,-4.3781317070708905,4.015116070904282,2.0067034248246793,0.0,101.02340706236802,1.7631910748208144
203,173,1608793476.367904,VEHICLE,273,False,2032.8039679456979,41609.82127776404,-4.346837931687614,4.643495775356258,2.1024196581993397,0.0,-130.6211676786585,-2.2797694487921896
204,174,1608793476.86955,VEHICLE,281,False,2032.182960178225,41609.132144190495,-4.3392353629286,4.603035668156283,2.098086216788262,0.0,0,0
205,174,1608793476.86955,VEHICLE,284,False,2018.8347895508973,41594.11027617177,-4.432035280048126,4.080684507978248,2.0694168940229676,0.0,0,0
206,175,1608793477.470594,VEHICLE,293,False,2018.8887382138876,41594.176623150604,-4.465159757160949,4.177295264540487,2.083331926223604,0.0,0,0
207,175,1608793477.470594,VEHICLE,294,False,2031.203791738733,41607.97596080008,-4.371623423739086,4.750513453226786,2.13352261017457,0.0,0,0
208,176,1608793478.070289,VEHICLE,293,False,2018.958894354486,41594.30186090543,-4.450973415366873,4.194145771020397,2.0676424152575823,0.0,60.74316466229354,1.0601682214380916
209,176,1608793478.070289,VEHICLE,296,False,2030.4358165286949,41607.06619329178,-4.425352662993238,4.722236951092668,2.1026076796470687,0.0,0,0
210,176,1608793478.070289,VEHICLE,300,False,2030.4313012590915,41607.06619649138,-4.425267160307499,4.722236951092668,2.102795583314382,0.0,0,0
211,176,1608793478.070289,VEHICLE,302,False,2018.839334190425,41594.138780923975,-4.445146326516841,4.1941476804579985,2.0678253624470675,0.0,0,0
212,177,1608793478.570508,VEHICLE,296,False,2029.7878549322415,41606.322583452005,-4.377551143617204,4.567396393938045,2.0930928139406775,0.0,-131.06801728693316,-2.287568445717829
213,177,1608793478.570508,VEHICLE,308,False,2018.8160264419157,41594.09185150563,-4.445431818261019,4.307016967889534,2.067255087069205,0.0,0,0
214,177,1608793478.570508,VEHICLE,311,False,2018.74482084897,41594.012798475356,-4.449587102164971,4.310115346188387,2.067867287345644,0.0,0,0
215,177,1608793478.570508,VEHICLE,312,False,2029.727860002465,41606.25332121002,-4.3828142124725575,4.566394301570368,2.093321946864481,0.0,0,0
216,178,1608793479.170973,VEHICLE,296,False,2028.9879791027126,41605.210718054645,-4.496361427612792,4.702294970211702,2.107646336187494,0.0,-125.73123556162076,-2.194424033150864
217,178,1608793479.170973,VEHICLE,314,False,2018.715937766747,41594.06996402814,-4.429052585923497,4.278183924846762,2.0457895988692605,0.0,0,0
218,178,1608793479.170973,VEHICLE,324,False,2028.8963040717335,41605.16893001335,-4.450727029286012,4.687770934771168,2.107018494124955,0.0,0,0
219,178,1608793479.170973,VEHICLE,325,False,2018.6422806691671,41594.03170127319,-4.4089895574772076,4.143513142066322,2.0589949545199784,0.0,0,0
220,178,1608793479.170973,VEHICLE,326,False,2028.850899942383,41605.083563285145,-4.483706556029961,4.696792244745811,2.1102406918024794,0.0,0,0
221,178,1608793479.170973,VEHICLE,327,False,2018.6525755945213,41594.00349882338,-4.420183514233795,4.275811944890498,2.045270047030037,0.0,0,0
222,178,1608793479.170973,VEHICLE,328,False,2028.7809235281186,41605.00323416697,-4.47656696712284,4.696792244745811,2.1102406918024794,0.0,0,0
223,178,1608793479.170973,VEHICLE,329,False,2018.581242552425,41593.924366474035,-4.422884618928386,4.275811944890498,2.045270047030037,0.0,0,0
224,178,1608793479.170973,VEHICLE,330,False,2028.7809235281186,41605.00323416697,-4.47656696712284,4.696792244745811,2.1102406918024794,0.0,0,0
225,178,1608793479.170973,VEHICLE,331,False,2018.581242552425,41593.924366474035,-4.422884618928386,4.275811944890498,2.045270047030037,0.0,0,0
226,179,1608793479.767224,VEHICLE,333,False,2018.9046291027144,41594.14790081944,-4.3754175674822084,4.2506334618726145,2.0680119226245486,0.0,0,0
227,179,1608793479.767224,VEHICLE,334,False,2028.121889139574,41604.08253131623,-4.436356545037954,4.6088925560655705,2.110132626908362,0.0,0,0
228,179,1608793479.767224,VEHICLE,337,False,2028.121889139574,41604.08253131623,-4.436356545037954,4.6088925560655705,2.110132626908362,0.0,0,0
229,179,1608793479.767224,VEHICLE,340,False,2018.7795590143378,41593.956204282826,-4.39749068633027,4.250633527246123,2.0678217799409153,0.0,0,0
230,180,1608793480.268019,VEHICLE,347,False,2027.784447333806,41603.448369095204,-4.370837183565554,4.560966816082766,2.126833753088687,0.0,0,0
231,180,1608793480.268019,VEHICLE,348,False,2018.7905283408986,41594.01020050053,-4.421224146351019,4.159450537164236,2.0064647171780776,0.0,0,0
232,180,1608793480.268019,VEHICLE,353,False,2027.6766936821234,41603.38456109933,-4.396112316765999,4.505985994317487,2.1015146789118577,0.0,0,0
233,180,1608793480.268019,VEHICLE,354,False,2027.6766936821234,41603.38456109933,-4.396112316765999,4.505985994317487,2.1015146789118577,0.0,0,0
234,180,1608793480.268019,VEHICLE,355,False,2018.7336530097275,41593.92556032003,-4.425278726757057,4.156937186140496,2.009585350034031,0.0,0,0
235,180,1608793480.268019,VEHICLE,356,False,2018.7777868316966,41593.946518459976,-4.523131330259325,4.227088878932501,2.028832780117998,0.0,0,0
236,181,1608793480.867259,VEHICLE,359,False,2018.7723271795064,41594.14374040098,-4.35387994273846,4.3010133662216,2.012927104473154,0.0,0,0
237,181,1608793480.867259,VEHICLE,360,False,2027.3299613161637,41602.19279780896,-4.450927963718851,4.7279615853578685,2.1398159387560582,0.0,0,0
238,181,1608793480.867259,VEHICLE,365,False,2018.710539808359,41594.08481846668,-4.332846209284525,4.297174726343063,2.0122551115949516,0.0,0,0
239,181,1608793480.867259,VEHICLE,366,False,2027.2129228712213,41602.0283604542,-4.430964794879748,4.730395162750898,2.1408238071188865,0.0,0,0
240,181,1608793480.867259,VEHICLE,367,False,2018.6576693674322,41594.009945470134,-4.334364053848123,4.297174726343063,2.0122551115949516,0.0,0,0
241,181,1608793480.867259,VEHICLE,368,False,2027.2129228712213,41602.0283604542,-4.430964794879748,4.730395162750898,2.1408238071188865,0.0,0,0
242,182,1608793481.468045,VEHICLE,360,False,2027.002924537318,41600.8940697677,-4.440400949459667,4.806228364353582,2.1320739866077063,0.0,-104.13397574985235,-1.8174807400268547
243,182,1608793481.468045,VEHICLE,367,False,2018.8118818720461,41594.05963484297,-4.2746455556684895,4.210123673203428,1.9392795859092202,0.0,17.859648727550763,0.31170967354537654
244,183,1608793481.970287,VEHICLE,360,False,2026.733350327553,41599.76467753043,-4.424521926604411,4.820242755670852,2.179554032454188,0.0,-103.42472227274133,-1.8051019316200492
245,183,1608793481.970287,VEHICLE,369,False,2018.8062084881328,41594.13462983234,-4.1359860335389715,4.0374477644625335,1.9380938666578988,0.0,0,0
246,183,1608793481.970287,VEHICLE,371,False,2026.680794015031,41599.68953626305,-4.422925351617075,4.820242423142296,2.177186695477295,0.0,0,0
247,183,1608793481.970287,VEHICLE,372,False,2018.722171345999,41594.062050015025,-4.129062031535565,4.037445857124185,1.9380929080847076,0.0,0,0
248,183,1608793481.970287,VEHICLE,373,False,2026.679441085238,41599.677867439255,-4.423120963279542,4.821603013763447,2.1781798775895145,0.0,0,0
249,183,1608793481.970287,VEHICLE,374,False,2018.6677905622203,41593.99854941236,-4.131085571617049,4.040563883410732,1.938109511746703,0.0,0,0
250,184,1608793482.567456,VEHICLE,360,False,2026.3460599043815,41598.60319031441,-4.4581983398489395,4.630018954443656,2.081339199297683,0.0,-108.44063220445204,-1.892646074911885
251,184,1608793482.567456,VEHICLE,374,False,2019.028083793998,41594.33731618293,-4.122409298810178,4.005911049371302,1.8796000365450487,0.0,43.23622328688441,0.7546144524835778
252,185,1608793483.168606,VEHICLE,360,False,2025.6613196080718,41597.408599189905,-4.441339212323282,4.5785256039172255,2.108572705921833,0.0,-119.82135877607972,-2.091277224855994
253,185,1608793483.168606,VEHICLE,378,False,2018.9007581128972,41594.04339807282,-4.145259431286957,3.9328183990278927,1.930796373850549,0.0,0,0
254,185,1608793483.168606,VEHICLE,379,False,2025.557712404358,41597.283101292356,-4.480280265467968,4.546567511210396,2.105053884052178,0.0,0,0
255,185,1608793483.168606,VEHICLE,380,False,2018.7573251137321,41593.93477574434,-4.2212554803851825,3.990778496491986,1.960951242667939,0.0,0,0
256,185,1608793483.168606,VEHICLE,381,False,2025.5041702103829,41597.17491344557,-4.473965150265079,4.54694632293527,2.103797766779631,0.0,0,0
257,185,1608793483.168606,VEHICLE,382,False,2018.7577825172752,41593.93345621585,-4.221287895071943,3.993760510084637,1.9604683049423206,0.0,0,0
258,185,1608793483.168606,VEHICLE,383,False,2025.5041702103829,41597.17491344557,-4.473965150265079,4.54694632293527,2.103797766779631,0.0,0,0
259,185,1608793483.168606,VEHICLE,384,False,2018.7577825172752,41593.93345621585,-4.221287895071943,3.993760510084637,1.9604683049423206,0.0,0,0
260,185,1608793483.168606,VEHICLE,385,False,2025.4272313998242,41597.109030353386,-4.4856728097578635,4.54694632293527,2.103797766779631,0.0,0,0
261,185,1608793483.168606,VEHICLE,386,False,2018.6791263924956,41593.870831107815,-4.237112697865671,3.993760510084637,1.9604683049423206,0.0,0,0
262,186,1608793483.771311,VEHICLE,381,False,2024.9165222327397,41596.471061468575,-4.357356278634819,4.364218436173466,2.0696906958881707,0.0,-129.85859951999646,-2.2664601236526662
263,186,1608793483.771311,VEHICLE,387,False,2018.7693517199098,41594.09327742577,-4.32778863446114,4.15668655093537,2.018682993725948,0.0,0,0
264,187,1608793484.368016,VEHICLE,381,False,2023.9914313401691,41595.21183361343,-4.437928738891644,4.447027057450283,2.1086598194173582,0.0,-126.30283922881131,-2.204400399159813
265,187,1608793484.368016,VEHICLE,400,False,2018.8243776053234,41594.028933082656,-4.3287197507579815,4.214653219301124,2.0553355301485015,0.0,0,0
266,187,1608793484.368016,VEHICLE,401,False,2023.9387050963007,41595.15796071626,-4.4447273280689705,4.44702753315075,2.1084688669090883,0.0,0,0
267,187,1608793484.368016,VEHICLE,402,False,2018.7618465517007,41593.9642239262,-4.329904125933196,4.214653219301124,2.0553355301485015,0.0,0,0
268,188,1608793484.871293,VEHICLE,401,False,2023.3215657933074,41594.488604450955,-4.486806816713697,4.412698804526789,2.0994663135945673,0.0,-132.67572440746954,-2.315628228378946
269,188,1608793484.871293,VEHICLE,407,False,2018.734337295289,41593.97019324907,-4.436861250987784,4.395121959717933,2.056551897764352,0.0,0,0
270,189,1608793485.469827,VEHICLE,410,False,2018.8685433846965,41594.0669978292,-4.433917438099711,4.271729993113584,2.0861439481513075,0.0,0,0
271,189,1608793485.469827,VEHICLE,421,False,2022.2730182853713,41593.30332059629,-4.507956316695498,4.3030295557705465,2.0783434368386904,0.0,0,0
272,190,1608793486.068141,VEHICLE,421,False,2021.406173362299,41592.255426942516,-4.530692796422892,4.3665663567095505,2.08524053449601,0.0,-129.59843860777687,-2.2619194591494423
273,190,1608793486.068141,VEHICLE,424,False,2018.6875832656424,41593.86859660487,-4.4704880917135625,4.681627807950324,2.0796078738832087,0.0,0,0
274,191,1608793486.568213,VEHICLE,431,False,2018.5981887982891,41593.7547131636,-4.549222324882424,4.841779260413753,2.1075032332157617,0.0,0,0
275,191,1608793486.568213,VEHICLE,437,False,2020.2180066449023,41591.10509158938,-4.587014408426188,4.381774068889768,2.1147303531056125,0.0,0,0
276,192,1608793487.167561,VEHICLE,439,False,2019.4568249910126,41590.02283289746,-4.602037791177392,4.207794258450847,2.1027852778818295,0.0,0,0
277,192,1608793487.167561,VEHICLE,440,False,2018.6037434634225,41593.74691705498,-4.483643257041427,4.719555528004545,2.0731906724773306,0.0,0,0
278,192,1608793487.167561,VEHICLE,445,False,2019.404042634561,41589.98205418743,-4.59561900760771,4.239728921279543,2.0850666189173737,0.0,0,0
279,192,1608793487.167561,VEHICLE,446,False,2018.6060911301727,41593.74734712392,-4.483680562657579,4.717409139846628,2.0733238442467896,0.0,0,0
280,192,1608793487.167561,VEHICLE,447,False,2019.321427005648,41589.89954506909,-4.5891186342657075,4.239728921279543,2.0850666189173737,0.0,0,0
281,192,1608793487.167561,VEHICLE,448,False,2018.5235876961056,41593.66488912455,-4.478103785814894,4.717409139846628,2.0733238442467896,0.0,0,0
282,192,1608793487.167561,VEHICLE,449,False,2019.321427005648,41589.89954506909,-4.5891186342657075,4.239728921279543,2.0850666189173737,0.0,0,0
283,192,1608793487.167561,VEHICLE,450,False,2018.638388270123,41593.80536091761,-4.4517476937751335,4.5312567121711025,2.0813536807601576,0.0,0,0
284,193,1608793487.668886,VEHICLE,439,False,2018.3811342809165,41589.112725646555,-4.498466357859075,4.190997419504432,2.052806186902448,0.0,-139.76651553261195,-2.4393858800838744
285,193,1608793487.668886,VEHICLE,453,False,2018.3790481388269,41589.128340353505,-4.497930662410091,4.190998238213816,2.0526560825065285,0.0,0,0
286,193,1608793487.668886,VEHICLE,454,False,2018.6741734951997,41593.783056006,-4.49063419816689,4.640303363832459,2.070121090222552,0.0,0,0
287,193,1608793487.668886,VEHICLE,456,False,2018.5822791350854,41593.68965405641,-4.495142231080884,4.640303363832459,2.070121090222552,0.0,0,0
288,194,1608793488.170627,VEHICLE,456,False,2018.742861130311,41593.909567056326,-4.42176317290506,4.7702795926366335,2.0640118765563398,0.0,53.862822340857555,0.9400835942647238
289,194,1608793488.170627,VEHICLE,460,False,2017.3687836275903,41588.41044081946,-4.595956400181394,4.188945522940738,2.0733291399327847,0.0,0,0
290,195,1608793488.770407,VEHICLE,460,False,2015.979862251477,41587.8068564827,-4.44756715373303,4.268662461329715,2.051345884656583,0.0,-156.51165317398437,-2.7316436656254606
291,195,1608793488.770407,VEHICLE,463,False,2018.5380964401652,41593.645615303554,-4.45884823640567,4.701236130765812,2.072998816727927,0.0,0,0
292,196,1608793489.271281,VEHICLE,474,False,2014.8810047451702,41587.51098702889,-4.431964963566808,4.337882698219408,1.991789934316486,0.0,0,0
293,196,1608793489.271281,VEHICLE,475,False,2018.5898801524315,41593.71933472105,-4.466408781805179,4.556249826049231,2.0862677692835487,0.0,0,0
294,197,1608793489.867786,VEHICLE,491,False,2018.730383435551,41593.83670972304,-4.452390815986753,4.713288717518454,2.0611201556978744,0.0,0,0
295,197,1608793489.867786,VEHICLE,492,False,2013.2753055816015,41587.004280354624,-4.5175772746060066,4.308066065613022,2.037098809987538,0.0,0,0
296,197,1608793489.867786,VEHICLE,493,False,2018.678311462954,41593.760390498865,-4.448876045660798,4.714553195200399,2.0633504387111343,0.0,0,0
297,197,1608793489.867786,VEHICLE,494,False,2013.158064610506,41586.92827385141,-4.516297527854912,4.309143645435611,2.0393184202660763,0.0,0,0
298,198,1608793490.467313,VEHICLE,494,False,2011.9538164214653,41586.136775280924,-4.569304935041735,4.252166749937928,2.02094882906144,0.0,-146.68486775768528,-2.56013390522408
299,198,1608793490.467313,VEHICLE,503,False,2018.6950261444774,41593.737979645506,-4.497502978731969,4.710357309124348,2.026609936370837,0.0,0,0
300,198,1608793490.467313,VEHICLE,505,False,2018.7040545648504,41593.741896730324,-4.497554314194869,4.704464099986742,2.0266097031709855,0.0,0,0
301,198,1608793490.467313,VEHICLE,506,False,2011.9715226773014,41586.12118929041,-4.570297827639299,4.252167646127579,2.0208354857428295,0.0,0,0
302,199,1608793490.97045,VEHICLE,494,False,2010.901192120536,41585.38958342323,-4.482819226586062,4.4930005020901485,2.0901548150329856,0.0,-144.63145122366024,-2.524295025790453
303,199,1608793490.97045,VEHICLE,514,False,2018.923771233116,41593.96373496559,-4.440300090580424,4.636754446056004,2.0101406644820523,0.0,0,0
304,200,1608793491.568128,VEHICLE,494,False,2009.8333042372,41584.21725842164,-4.589011032547584,4.594528936329715,2.1379005442468744,0.0,-132.33084440250468,-2.309608936768015
305,200,1608793491.568128,VEHICLE,515,False,2018.844909592896,41593.800405771355,-4.497070390655649,4.570821245333432,2.0195504981394596,0.0,0,0
306,200,1608793491.568128,VEHICLE,519,False,2009.754335741533,41584.111194425954,-4.591130338637763,4.594399314817535,2.1326213830939555,0.0,0,0
307,200,1608793491.568128,VEHICLE,520,False,2018.7436533968687,41593.670740450456,-4.50084030002022,4.567361381012042,2.0185885712018017,0.0,0,0
308,200,1608793491.568128,VEHICLE,521,False,2009.754335741533,41584.111194425954,-4.591130338637763,4.594399314817535,2.1326213830939555,0.0,0,0
309,200,1608793491.568128,VEHICLE,522,False,2018.7436533968687,41593.670740450456,-4.50084030002022,4.567361381012042,2.0185885712018017,0.0,0,0
310,200,1608793491.568128,VEHICLE,523,False,2009.6837088978386,41584.01201260105,-4.586185610106121,4.594399314817535,2.1326213830939555,0.0,0,0
311,200,1608793491.568128,VEHICLE,524,False,2018.6720026144592,41593.57253889289,-4.497769089784118,4.567361381012042,2.0185885712018017,0.0,0,0
312,201,1608793492.069741,VEHICLE,494,False,2009.1334419103246,41583.142175747256,-4.5339125911801865,4.442821644500053,2.076901771497674,0.0,-123.06350998406197,-2.147863438282796
313,201,1608793492.069741,VEHICLE,526,False,2009.0968484129667,41583.14714599894,-4.588847899560572,4.4531028582593954,2.104942908759623,0.0,0,0
314,201,1608793492.069741,VEHICLE,527,False,2018.4724714079111,41593.38154778322,-4.470431616500779,4.601590028220338,2.002438588572559,0.0,0,0
315,201,1608793492.069741,VEHICLE,529,False,2018.545303093123,41593.44691110621,-4.44228675138134,4.546936071181758,1.999310928433443,0.0,0,0
316,201,1608793492.069741,VEHICLE,531,False,2018.5405009416088,41593.44775959313,-4.4421467303825,4.5477827255572505,2.0016275797881247,0.0,0,0
317,201,1608793492.069741,VEHICLE,532,False,2008.8678803700902,41582.87292260445,-4.563124001176305,4.439300004816355,2.077573767214243,0.0,0,0
318,202,1608793492.572061,VEHICLE,535,False,2018.7184568002315,41593.62030075535,-4.447122821385445,4.573092489192805,2.020267878998575,0.0,0,0
319,203,1608793493.167528,VEHICLE,536,False,2018.5698654964312,41593.442752343086,-4.620012220244076,4.5468194648033124,2.0761277512351337,0.0,0,0
320,203,1608793493.167528,VEHICLE,538,False,2018.6369797569232,41593.4607782639,-4.605967716523239,4.695228931091666,2.0863505561191378,0.0,0,0
321,203,1608793493.167528,VEHICLE,539,False,2018.637221412664,41593.45687387369,-4.606094071070139,4.695228970934018,2.0813574819751035,0.0,0,0
322,203,1608793493.167528,VEHICLE,540,False,2018.3997839319852,41593.255285110965,-4.6271529769879365,4.546671305848709,2.0761277512351337,0.0,0,0
